{
		"name":"ssh",
		"command":[
			{
				"tool":"ssh-audit",
				"command": "python3 ~/tools/ssh-audit/ssh-audit.py $host$ >> $file$_ssh-audit.txt",
				"references": "ssh-audit"
			},
			{
				"tool":"ssh-keyscan",
				"command": "ssh-keyscan -t rsa $host$ -p $port$ >> '$file$_public_key.txt'",
				"references": "public ssh key"
			},
			{
				"tool":"nmap",
				"command":"nmap -p$port$ -sC -sV --script=ssh-auth-methods,ssh-hostkey,ssh2-enum-algos -script-args=ssh.user=root,ssh_hostkey=full $host$ -oG $file$_nmap_scan.txt",
				"references":"retrieve supported algos"
			},
			{
				"tool":"sslscan",
				"command":"sslscan $host$:$port$ >> $file$_sslscan.txt",
				"references":"sslscan"
			},
			{
				"tool":"hydra",
				"command":"hydra -f -e ns -L $stat$ssh/ssh-usernames.txt -P $stat$ssh/ssh-usernames.txt -s $port$ $host$ ssh",
				"references":"hydra bruteforce"
			},
			{
				"tool":"metasploit",
				"command": "msfconsole -x 'spool $file$_metasploit_ssh_version.txt; use auxiliary/scanner/ssh/ssh_version; set RHOST $host$; set RPORT $port$; run;exit'",
				"references": "metasploit ssh_version"
			},
			{
				"tool":"metasploit",
				"command": "msfconsole -x 'spool $file$_metasploit_ssh_enumusers.txt; use scanner/ssh/ssh_enumusers; set RHOST $host$; set RPORT $port$; set USER_FILE $stat$ssh/ssh-usernames.txt; run;exit'",
				"references": "metasploit ssh_enumusers"
			},
			{
				"tool":"metasploit",
				"command": "msfconsole -x 'spool $file$_metasploit_juniper_backdoor.txt; use auxiliary/scanner/ssh/juniper_backdoor; set RHOST $host$; set RPORT $port$; run;exit'",
				"references": "metasploit juniper_backdoor"
			}
		]
}